Id,target
0,-82.1546665555646
1,-48.89796018174449
2,77.2703706964263
3,-2.988580812931588
4,-37.596722122224094
5,-122.40526319541362
6,1.4137409588302625
7,-13.306542654693146
8,-25.754697999669467
9,-57.07775436628263
10,-41.964694204066525
11,78.08048569390985
12,-93.63936149342356
13,-133.31763800289784
14,-159.5908153208771
15,25.32781523376877
16,-59.741385493300385
17,8.007755826242246
18,13.12438288823616
19,50.729802271996526
20,-56.41028125146506
21,244.6662487016829
22,-139.53389555521676
23,-172.5995028308704
24,209.46784502825716
25,177.7029414608719
26,27.29216996233376
27,-34.383001713874286
28,-50.97677960916397
29,217.97681299553284
30,-174.7438397566245
31,-130.18601522170547
32,17.351203986768716
33,-16.90488387680727
34,-151.77717604193475
35,79.1971695266644
36,-89.5291541125976
37,192.0116943192428
38,64.52937294396075
39,-95.44106952453963
40,-85.82155198713784
41,-145.48099930690015
42,30.754974047787382
43,-73.74052127905821
44,-173.779673262192
45,-101.71397753849132
46,-379.8297939471091
47,30.518018165592732
48,23.0875598183081
49,86.77782134002928
50,-69.83700546360252
51,-46.680490671032686
52,-89.80692367511814
53,-115.66808141409976
54,-84.04957567035643
55,39.51105937926773
56,141.71867047502042
57,-94.59748535403423
58,208.56650393557513
59,-55.93690065813359
60,-11.877918826923311
61,-133.49101640371688
62,105.30897539978987
63,201.29983176564946
64,25.2186502491236
65,86.43648335474731
66,-71.20803692821562
67,159.17873801220142
68,59.52334096467413
69,-13.122304063753408
70,-244.65793587399295
71,139.84150364676734
72,-192.5300031601877
73,-4.235562945481208
74,-129.281737514212
75,11.961765653662622
76,-1.0255257963313766
77,2.398625090020539
78,-8.711299534571344
79,-100.30110121760163
80,-113.67697154715803
81,188.41624509647835
82,-21.180616065933513
83,239.8796457266538
84,22.7792204625534
85,-174.51322231727767
86,19.41196549261501
87,27.215719251282046
88,-43.20885580676389
89,193.99384093645847
90,-29.89259193906281
91,-117.97034702686199
92,91.51498695190936
93,54.95947490549346
94,-5.741478351313487
95,-28.25527381022038
96,-34.4792263748165
97,-6.367137034052496
98,-90.04234744366664
99,-4.275393952445599
100,-76.4684291733819
101,-136.50336789307121
102,-61.503745716994146
103,-30.37434678442896
104,-34.9601405942731
105,-87.34946267218251
106,-38.699035309163754
107,-84.71055046191573
108,-24.139413043876647
109,113.50358024510686
110,-9.796918601275966
111,60.45019352718983
112,6.7801710425590915
113,-36.991730689859864
114,185.25504889071325
115,23.56942507230762
116,-20.615770579247723
117,-86.04652101348977
118,-60.19725877823543
119,66.1739267278239
120,-274.81506191775696
121,193.27960955992413
122,-64.75979402966875
123,85.71659601958228
124,88.80348894460066
125,80.2899459111453
126,54.54163853314198
127,6.60676903999971
128,118.01583673789138
129,21.199009975124298
130,189.03896052470975
131,-122.09081072414493
132,13.413167051117256
133,-154.20252214441877
134,-28.321750834429803
135,-60.680780760104085
136,-66.61957439873865
137,186.2940997306221
138,-148.3294780635011
139,233.14908689729148
140,45.93679324583827
141,-49.35665669099865
142,-86.5811112735844
143,62.2557492454048
144,-147.10025083789634
145,-170.17208945426322
146,46.38699301872314
147,56.69503746071872
148,98.46050407075208
149,35.06881824254488
150,77.01523470096168
151,88.9254358351726
152,15.432596037609747
153,111.27513488121322
154,-135.9484757025947
155,-26.478153438358984
156,-44.14202841698745
157,34.273407216729325
158,223.9255301149476
159,-194.73751885980678
160,93.82868538331427
161,-189.92836835375607
162,28.445554544666745
163,-78.68053783789932
164,-97.22865425839969
165,105.1673084027669
166,127.30320342693703
167,-190.6603707800619
168,-42.89304969269711
169,-78.4224230379751
170,-124.80474181484088
171,-133.7430962278941
172,91.43264900156794
173,94.46989085767599
174,11.165619124661076
175,-27.567581993468877
176,-269.74946416697145
177,3.4448979425855444
178,21.728488820774075
179,-4.8441163142032115
180,-114.52318163872377
181,104.93160739518953
182,112.9104643760719
183,-125.11603890350091
184,28.132853342906397
185,-75.22296046335669
186,-27.655646723216513
187,-122.14346537392754
188,-35.04487705037903
189,138.17825366057494
190,43.806951790238166
191,-324.18782605497864
192,59.991966063568626
193,-2.1703260837793357
194,187.89670689143358
195,24.172808626841423
196,-181.4560800561508
197,70.36347545617011
198,-217.44213484818877
199,-170.74145840715371
200,-59.322397159221474
201,46.538368267452924
202,44.329144709308345
203,-180.49856725581537
204,22.64423791568774
205,-38.4835121034485
206,-0.45401790411101256
207,46.05814655740481
208,-62.82994688019121
209,-195.15598021683243
210,-21.513773575400347
211,11.165194843424018
212,-227.49166370386968
213,3.3558913895444418
214,42.021687429822364
215,-21.68560808482093
216,82.76959342551365
217,136.49340318628444
218,-43.326684234586835
219,111.94219414269675
220,122.70588427183142
221,-26.662751356108743
222,99.56748249120304
223,-136.9761989011168
224,-31.15620626810189
225,145.99849055199448
226,-79.86456620241603
227,-18.766466822303062
228,54.616790289080946
229,-12.724732582637314
230,25.667656203318632
231,18.266230277127228
232,37.37282709188818
233,-124.0773602079736
234,-333.64299230519555
235,122.84395905261717
236,66.8280933369058
237,-118.9051447349004
238,-276.34814487753
239,-57.43372343311608
240,178.25942104270788
241,18.752797375604516
242,59.485640457765356
243,72.59111663563473
244,45.61998250087624
245,3.2230138904880974
246,74.32175016977901
247,-136.5748668922443
248,-133.11132893468059
249,-55.25095327686851
250,-156.99291385181374
251,-188.4281262909232
252,166.1973408464411
253,162.23206277970473
254,-31.54730160570997
255,-48.49853505011105
256,31.900182953252305
257,73.62606970052718
258,48.88075839982172
259,-39.09100104941188
260,163.58261135642212
261,-122.27607552193726
262,46.118321500248726
263,65.48785644614235
264,60.74931934888133
265,150.1672607359084
266,48.33551211799459
267,100.23181535873523
268,9.597319835556021
269,13.97769651911732
270,2.641234020314957
271,4.979735044017342
272,-93.21107239456792
273,40.03137812750146
274,154.87829540877155
275,128.82380603729146
276,206.79759063162334
277,22.423848693750028
278,155.1992527056861
279,-1.0965086204449803
280,13.324718533492483
281,76.74421493353763
282,-251.53380007583254
283,-124.77321085251407
284,-53.53307260113016
285,63.592910289884465
286,-127.75895498621672
287,69.94918687384316
288,-121.13768780161826
289,44.68309195838079
290,-86.64414342120774
291,-46.081035874554416
292,-21.150696280238577
293,12.975788308832781
294,22.789756296791634
295,-38.55533477540876
296,-95.17611127153474
297,144.89753805574784
298,158.4563650150021
299,89.26690918434305
300,149.81928742005633
301,-30.242752050440334
302,88.3214937708092
303,84.67219101518857
304,6.270420247294699
305,84.48170043544572
306,27.68674836612342
307,145.18145606214745
308,240.4026003318227
309,80.04594533203334
310,167.5540972198262
311,77.5272760255012
312,5.486282907626173
313,70.07780664397445
314,90.00653015288019
315,33.12188001163879
316,62.46642924941312
317,-1.6677707133960857
318,-200.7006046117062
319,7.68371382064205
320,63.05603290753948
321,-62.17375803603525
322,63.976105917325626
323,-18.794121916164546
324,-55.807801508070135
325,-42.32755848830866
326,24.406752037711325
327,34.765072759829245
328,-164.60209385337072
329,-20.419755655096733
330,174.68998472113947
331,-82.06519033351773
332,53.23784716002507
333,-26.531509613831854
334,32.59426327326497
335,139.29676512715182
336,141.77105464301684
337,83.80378142786067
338,-18.17556076443229
339,-107.54768212517394
340,26.447736608809333
341,139.4108752719452
342,-204.7442202668232
343,146.04973094995609
344,-83.80761881295162
345,-181.28009879106457
346,-63.64756051982579
347,-46.254352108804156
348,-80.74350789149895
349,-92.72120710970707
350,102.79958467738756
351,-86.97666530611036
352,200.17509799611742
353,-256.3044911420868
354,40.94858306317757
355,-53.15786911563027
356,35.35136508757718
357,-2.946786945205398
358,-202.3941471521603
359,94.22134102972758
360,-36.63031591097017
361,-16.832447183050963
362,-127.1949204572082
363,-4.90036866120567
364,119.04846781334639
365,70.4870119351575
366,-11.104282358939521
367,29.892920911279685
368,161.99368208342665
369,79.95557989411702
370,-73.03985316729597
371,-38.2936838049403
372,57.65304179044887
373,284.27616749543773
374,-40.30163222128907
375,2.9082945076902775
376,-73.23604503670164
377,-102.31270814487445
378,-140.38495822936184
379,-11.433276799750383
380,-34.106368930661546
381,126.10923744986594
382,42.72152789874797
383,-199.79358183199565
384,46.993300719946134
385,221.7867813349247
386,-28.692590705922587
387,-69.22306777717333
388,22.500481504607045
389,-226.4265365900727
390,-70.99136389290187
391,71.16562912328925
392,19.79404790278686
393,-78.77458701735553
394,-38.86446947147098
395,-109.10043018293061
396,-134.96801492826992
397,132.06150639514127
398,-127.59374512701153
399,-154.30640468237794
400,-81.02726946221274
401,273.06668072044175
402,-102.2578576422592
403,13.5129262008104
404,-29.221409546039773
405,60.595632783855905
406,11.674594909526302
407,-134.23039868884007
408,-161.09197456432838
409,-28.48020729362475
410,90.01795803808471
411,-22.913231367445213
412,180.92881465624484
413,-255.61705842441245
414,-175.30236944624264
415,-151.81306515545919
416,-101.2418523620747
417,70.1595224235655
418,45.38182466277222
419,84.24609342539378
420,-136.55908756973923
421,0.3818776835800659
422,188.77704749535033
423,122.98705006279427
424,-276.52260561080044
425,123.97683128941799
426,94.44033162385985
427,71.83944595034535
428,149.60746082788847
429,-148.2307580788552
430,-17.44057250997301
431,-227.87215179066814
432,-53.103159496614936
433,-55.40042794493727
434,333.8254978119292
435,104.6279243380126
436,-34.04807765287262
437,51.60353700873547
438,9.047756507786856
439,70.10024525908645
440,78.27334019926619
441,101.04059283616846
442,83.22608810666756
443,70.7321134959518
444,-5.121199224345271
445,-58.19905941664838
446,21.499716581364126
447,-91.06047662978392
448,-117.88903207876783
449,33.54817716429108
450,-30.727208535350336
451,34.38334755818697
452,-14.247551377728444
453,166.3095026492019
454,6.059508315802278
455,-12.383306615483985
456,181.21592568517727
457,-48.33326032557174
458,105.74355933248674
459,-35.15802640836697
460,9.29462938177974
461,-77.75855822695291
462,15.789451255292946
463,32.29045480520429
464,-244.03934660793772
465,27.826687040764533
466,-143.3019310669597
467,-154.0351788205079
468,-178.4794948159488
469,-245.25529680148287
470,60.365283883503125
471,28.56804951335049
472,-118.5300398637958
473,27.619538289505808
474,-58.65207146146262
475,67.14214495391074
476,102.97195315137043
477,15.77283441170685
478,-206.92900934015591
479,98.60553326559716
480,234.8746004858278
481,5.333131002520314
482,-56.992949097092826
483,-23.613092187128462
484,-27.80739972630059
485,12.78427451623822
486,-167.63883081829647
487,225.40155306596583
488,34.63781964867585
489,-50.984414215092116
490,103.43224779058046
491,171.1368926601488
492,34.983235217982966
493,-104.14439025083009
494,40.33807378509866
495,-18.66395412323375
496,-141.28924214826304
497,-5.5412442219093165
498,-152.82880760433756
499,5.187265833439079
500,-135.20766167065588
501,78.97768934491317
502,-2.235751850226641
503,-201.64536272948575
504,-4.383841439105909
505,320.95970987674735
506,107.31727230257947
507,194.3160018883692
508,57.55014601783249
509,134.68128444961786
510,-126.95331475813396
511,3.6270038832611706
512,-54.23568451261175
513,-2.6595696852712165
514,-123.84949328562357
515,73.41349396307594
516,188.10782582481536
517,-89.06337381427733
518,-93.7246126770553
519,23.647294690350442
520,58.791677033791025
521,-65.17161406693178
522,-46.62108748663647
523,-28.586480796755563
524,-55.477156960951895
525,-77.82895391540222
526,-130.70467518348917
527,-52.10349331913782
528,13.901100230970355
529,-62.27144874567679
530,250.04829852271826
531,128.62029395750727
532,-97.20801312253282
533,6.130035121115801
534,-18.221655413450872
535,106.12557562224744
536,147.47261126832737
537,40.81418110069626
538,65.36738447720562
539,84.31123531523578
540,-4.818155814572093
541,-296.65356046118865
542,-48.59616398885636
543,94.75933579174323
544,7.181114616868605
545,59.694519480126544
546,131.71854466525204
547,-192.40234936107768
548,55.52543665217754
549,-14.64502251157798
550,-136.4295696876227
551,-14.4261866245486
552,-55.461000386781684
553,-53.598805242831425
554,34.487166601133914
555,220.70841321685077
556,201.71996669750297
557,66.40732393470157
558,-24.853457368671542
559,-190.5074229268091
560,274.66818542755436
561,113.33594404931691
562,160.98677687418788
563,-8.789686300954006
564,-39.41701274077575
565,48.924071639207675
566,-45.14256530652392
567,99.74051023269938
568,5.643036840251844
569,-47.27011387883826
570,-64.86877788548344
571,-104.95223453592519
572,-59.224200811330995
573,143.59411156597216
574,-47.98667011843054
575,-164.7012542279913
576,-130.80452320111112
577,-76.16259819170133
578,59.55801031823622
579,149.19302327991855
580,-72.27679483654799
581,-3.2062435690193714
582,-103.55825486736104
583,57.16493644999648
584,-87.92003120682207
585,-44.703290664593084
586,49.005557550042184
587,-125.52496431966172
588,-22.855846495717635
589,-151.00062336333357
590,-5.888636921783316
591,-80.29679602029533
592,29.875440528650543
593,-92.51088270244476
594,-131.91373769586153
595,-6.689716775035616
596,3.753722888338511
597,81.24043456411486
598,-17.68366609505914
599,5.2198275189628
600,-142.60284955838836
601,-48.3701082577595
602,-125.60216720638282
603,-46.02956843692097
604,225.04497058758977
605,16.96122508988057
606,-106.74326769485543
607,-26.486883298910875
608,48.89327812784893
609,32.76372451848564
610,-126.63844906336739
611,60.02072486336426
612,-0.1597385829401804
613,-274.0050603357114
614,-83.16671413314008
615,-11.481428829705116
616,68.05617853928896
617,85.87801095589322
618,-64.21326205284511
619,-25.002661912404427
620,-38.23372597754739
621,255.61792606859657
622,230.71231574746056
623,41.29277034436767
624,-108.38849754868413
625,152.9806008584299
626,-3.0201253353291366
627,21.11514960731013
628,153.3877271834376
629,-146.21720268166837
630,40.1628139128796
631,-137.63427130814176
632,-0.7757920524249033
633,219.77695199080142
634,43.742783539695424
635,-89.97704109901166
636,-48.41344767823763
637,-114.95232273551404
638,-137.30559637490066
639,-51.03410084151695
640,27.18222485521122
641,-68.44382387974872
642,27.28389437314508
643,89.61685637115052
644,-60.10579237341904
645,10.332917057346265
646,29.816429228920764
647,164.88586285427002
648,217.18388343968047
649,114.84502890388579
650,-31.104200553945983
651,34.448891060761206
652,-140.2220675745854
653,-24.443085824934233
654,-5.907843657281835
655,144.45447542447025
656,110.02692964228078
657,-89.33860898454273
658,-46.909704188097905
659,154.45677198802568
660,-105.02577480695653
661,80.49340298874556
662,13.522194069520337
663,-0.35564990979096134
664,-46.11470521000187
665,31.458032333685335
666,-65.22986672249755
667,63.26488831170631
668,212.11556476405588
669,97.5502746899513
670,30.745309431728174
671,-172.69434574255652
672,42.747588969651204
673,-80.14677321883853
674,-51.14753888853158
675,-13.72031967749963
676,-43.66395930309507
677,-0.8725132868357091
678,14.523188145376913
679,3.0790523297035133
680,61.373368922862255
681,-108.44924170318099
682,78.51597234717873
683,235.90703226667625
684,73.09475703315796
685,83.0057222157611
686,-115.05250460404393
687,19.619561455650842
688,-155.57052554789243
689,-140.14392129926506
690,5.3596548180770665
691,106.69847444877351
692,45.18699774555762
693,161.6578286760979
694,43.323287529250116
695,-36.55603850093602
696,141.53777760549823
697,-5.370906507130884
698,-70.45184972708446
699,-23.807827964536905
700,-84.4271785929137
701,-93.02584170459079
702,-327.2292269599166
703,181.41183025165915
704,190.33656130726249
705,121.05154894510864
706,-28.51984175862277
707,-10.464112033645018
708,-125.92736807905968
709,-212.87181635639584
710,34.64303017039973
711,35.314275961097195
712,-28.20677603984439
713,226.3022348940646
714,8.951195971198953
715,-99.66149593827154
716,97.93295415396018
717,98.87331445426112
718,-40.348597545701246
719,97.08707966604163
720,95.73223948087877
721,200.8443362553732
722,-94.77049232156656
723,36.78439936011644
724,-97.41537662440028
725,-96.42261290690065
726,34.417040275931434
727,107.95014417479975
728,-181.77903257487404
729,53.77463501364263
730,-6.451210396055788
731,-80.7199697251124
732,140.37141840808903
733,-8.573978050626652
734,-45.76393053942615
735,46.99449759449576
736,65.43222351279772
737,-47.773241822416345
738,68.00249368797908
739,-48.01392724516162
740,-61.72578382972336
741,34.839855555601304
742,72.55773199834962
743,59.503475036237695
744,-190.51981400556772
745,-122.38077754069636
746,89.9518657648364
747,33.366423422237325
748,50.52506587973438
749,-16.813981532023334
750,-156.945867606519
751,87.60939811606838
752,53.5754278232095
753,49.96082551606987
754,-139.42025968264252
755,-239.4588115371521
756,154.27793945609386
757,251.82911818606482
758,45.4882163506223
759,221.11459406955888
760,-66.39793378781661
761,175.28797254353648
762,56.6355660242927
763,-143.03518543576584
764,-68.3416837955427
765,-108.76671734205287
766,-148.5903283536125
767,70.19367221365442
768,-28.507996556366738
769,-42.44878517131974
770,92.78251974660888
771,-27.350748183861196
772,69.95804573102443
773,43.92164498808602
774,206.0030244558377
775,79.84322689183591
776,-83.44960163921701
777,-108.14666663850677
778,-7.381143380144846
779,243.69705329842262
780,-15.515894834491064
781,-107.45123761325904
782,-69.49094904717802
783,30.996686320614803
784,30.621230203126704
785,142.89355640612618
786,-232.03417761124186
787,7.720461849174253
788,133.21951051037982
789,-136.74973116760378
790,218.34037072132324
791,-105.90989346143608
792,-97.7341739939378
793,-38.082930161888754
794,2.943304999653129
795,18.033851459996253
796,193.8272839004051
797,205.847469490145
798,-0.9674650695579354
799,29.637253136212767
800,5.337563774979904
801,-120.21732252110644
802,-49.67221422349332
803,149.79710112128123
804,20.282326217707233
805,-11.31603883189671
806,187.42531736479637
807,-68.981118547917
808,-151.92265084305532
809,25.105053851711613
810,-32.008453817550276
811,191.31343231987657
812,87.21665975406934
813,8.197188551603157
814,-198.3634414687068
815,20.19267542595423
816,215.28623030594827
817,-67.24939506646656
818,-34.95190314517337
819,77.89990178991383
820,41.458045546323646
821,-114.60655349126822
822,67.3041655826231
823,56.29614626304946
824,-57.30467411051008
825,98.6254537244538
826,41.10661951469247
827,-1.3395454954360002
828,-24.850861410142638
829,-193.7556014143225
830,12.477128387419482
831,-23.013375921719692
832,-8.997659764259243
833,-41.291002866241314
834,-45.6936129206738
835,-21.93556900779875
836,-42.111730904965206
837,37.21863029580437
838,162.90125525576113
839,-23.422282678179293
840,-137.54461323424826
841,-105.76427986845734
842,132.58770654955532
843,28.892346539084688
844,38.00072175785429
845,-238.54350034582913
846,84.2686219506934
847,-55.083962577337715
848,90.13041881455823
849,176.32016813004148
850,38.854516575169924
851,49.335206825566296
852,-43.15396115941139
853,137.52982733358323
854,-174.12019094826903
855,-19.611407259718142
856,-20.32982899768561
857,14.80288944548929
858,-35.07812317307934
859,42.730914911113565
860,-28.0141937259256
861,27.7332118184851
862,100.30470584415434
863,58.62347849848418
864,178.75642981853323
865,6.518916690673054
866,61.950976294413785
867,-88.05040666317664
868,204.60624887717483
869,190.6755383370312
870,36.81483296537172
871,-118.17378327146189
872,-55.21249783232785
873,-99.45160370853321
874,76.65259410259766
875,-37.87095752145088
876,-21.101145210017727
877,53.35524967217547
878,-106.97923026545239
879,-108.62342121009432
880,101.80403307676669
881,27.1488950544325
882,123.49265802832522
883,-26.925768356792727
884,171.9558407686906
885,42.67265048123449
886,-222.24651104143427
887,63.76530646633919
888,96.86474510144757
889,31.12653158877934
890,-183.0438205375886
891,-25.375424651531066
892,118.13042573615671
893,-68.85441916505098
894,1.3238312258292393
895,65.01373219046458
896,-61.16637996958948
897,15.950527516411896
898,-72.17279787257617
899,-148.64142114714235
900,-114.49625105213772
901,67.0560844273111
902,35.7384587971508
903,67.12296476144267
904,-170.67958227307886
905,264.9701889265058
906,42.82950515251998
907,60.12652195226707
908,199.0549588581136
909,-139.47983469206588
910,9.039341368700883
911,-68.45322535535408
912,32.10140745906729
913,47.003430904358986
914,-54.430994330353464
915,252.43844778373804
916,23.49846729500547
917,-148.68894308985148
918,-88.70475794245384
919,-38.98507362351317
920,190.64376879111697
921,84.10077927978365
922,-175.80660113050587
923,117.98134924284022
924,38.7395699095532
925,-57.210814862818864
926,-101.37635425379804
927,-52.80555815776782
928,-3.943614083686863
929,3.126744329538932
930,17.16273709540432
931,-192.66715440914768
932,93.96851522853959
933,105.12772756831878
934,-94.55901594086252
935,-19.8920652031949
936,-75.10519290176538
937,-27.789192823140514
938,84.6302068215013
939,-31.272895994851833
940,173.4791266210255
941,-11.728455290144002
942,181.80833703053295
943,114.70761473033734
944,41.36517791632467
945,-13.042057580276895
946,188.65110609050592
947,-131.6841314208341
948,-57.824088005914156
949,62.96522576559859
950,-136.28405702806717
951,118.81890781716453
952,-16.92941196773621
953,35.648143148838244
954,21.019926983167707
955,-80.6239450245698
956,-139.04491336701136
957,3.977417175548771
958,168.00479954236326
959,218.8912008101927
960,-151.9597815887401
961,165.20164404930892
962,78.80568751599154
963,43.52836691193503
964,16.76456292216835
965,53.24351451364197
966,-52.438514766333945
967,46.49534087888996
968,230.6177510266439
969,48.20253548444177
970,-132.89914874197524
971,100.46401068192014
972,-70.75422178204671
973,191.67036025582277
974,98.79843734122483
975,-13.305377669494481
976,62.206311736378545
977,-101.10957622958792
978,-16.792235231156475
979,-84.06107547226411
980,-56.771567720539146
981,-52.86036565914856
982,-71.89489301710124
983,100.01130489401893
984,-56.97689822413853
985,138.7547582392329
986,215.62158273512415
987,-58.777927953984914
988,-65.07075861312573
989,48.97557357577402
990,63.66119134739801
991,-102.33610195807638
992,-60.6735385812589
993,-281.47560563997433
994,-40.08062005115934
995,-35.61249291045308
996,-13.420631032238513
997,18.37727514727731
998,15.999445921628034
999,104.38412658887881
1000,-107.29720979289004
1001,52.727145505174974
1002,53.77852121528364
1003,-125.03281085748914
1004,-30.81585761575751
1005,-69.3074154682405
1006,301.662596920525
1007,47.871129081941056
1008,178.27965521905827
1009,-44.53779788415049
1010,-147.91906952680404
1011,-55.83337320209446
1012,74.67964854974463
1013,-153.72373900816422
1014,-30.705731213797034
1015,112.85294962987977
1016,65.04884061586077
1017,-48.52607312585448
1018,-109.0599675509319
1019,240.31156102236434
1020,263.2262434824081
1021,-78.10493414332026
1022,-65.42503885889995
1023,152.9387241714364
1024,48.9108403452022
1025,58.02695191642596
1026,28.486852784124682
1027,93.74514251840026
1028,-183.61890982412507
1029,-156.46548359384323
1030,-45.74769397432648
1031,-34.7529533763742
1032,73.6764731579922
1033,73.17970755992657
1034,-170.9783551100516
1035,67.57443479934746
1036,104.4227970817238
1037,-181.57782633946653
1038,36.07873135882416
1039,-35.69430666155394
1040,92.59243968649405
1041,-24.85296806519413
1042,22.835419709127137
1043,202.1030180986962
1044,-43.468814383399994
1045,196.8790264783111
1046,-207.54809831578544
1047,-79.65173536563672
1048,36.86784799346531
1049,-71.74043034628492
1050,-112.45793024741282
1051,153.64371821220635
1052,-150.7783554706931
1053,-91.2989789054516
1054,-111.83455310109353
1055,71.40952348754378
1056,-112.44940027709369
1057,93.14529442092548
1058,143.90716911298028
1059,-94.29785653063301
1060,-15.537415166404287
1061,48.3902325536257
1062,-12.183672895147517
1063,153.45754775429631
1064,-47.445085501489025
1065,-133.92035047823188
1066,-72.04314580831199
1067,48.0127538209418
1068,50.43959934336569
1069,55.67236831702174
1070,17.565647365144727
1071,73.53461910576186
1072,182.93479016035965
1073,170.6603795376938
1074,79.9506108070063
1075,-93.11015993633309
1076,86.3917746117337
1077,83.26308832949145
1078,11.623133881224964
1079,-53.64686139168018
1080,29.22650800978116
1081,77.38342470012799
1082,-95.3480632591703
1083,82.60858427181293
1084,-173.41909079805671
1085,-160.96953307715376
1086,-100.82463624236244
1087,241.08901811016642
1088,151.67839805423696
1089,69.81473861332294
1090,238.17096325868042
1091,114.31140622859265
1092,-68.98715492914157
1093,69.688670990265
1094,-225.7284314372399
1095,-118.97546274096946
1096,36.06175101801531
1097,40.64522048630158
1098,34.52884541259053
1099,-151.42237500728805
1100,107.09745968509107
1101,59.31780832169199
1102,6.38517326640371
1103,-6.430139494456296
1104,-97.7990353722393
1105,-10.8517887270792
1106,-246.01899920630387
1107,34.7931889849973
1108,-81.99072450794617
1109,-93.37801405543627
1110,-22.25837653429731
1111,-19.27943964960899
1112,-52.864590860467786
1113,47.92205767508896
1114,-40.51879468938286
1115,-166.67314559207392
1116,-101.0876637057498
1117,-47.720892005524604
1118,-96.12078062731965
1119,81.81384275525434
1120,186.99481811865763
1121,57.54903377930213
1122,-136.41924175761403
1123,193.19644330507757
1124,90.86246452644339
1125,213.96874919345808
1126,-49.29770091379824
1127,-69.85524269656455
1128,82.43592314534436
1129,-41.83554010501532
1130,-270.5590184226298
1131,-26.82202062165235
1132,-54.786356368837744
1133,-165.56777580245057
1134,236.41523910409848
1135,37.756734407258925
1136,-43.86707833400465
1137,277.854897023549
1138,98.25970589276228
1139,40.86635905105129
1140,39.68188491995681
1141,-64.30623700899278
1142,36.80783789340009
1143,-110.73639538215458
1144,159.65672747930125
1145,1.0809178625143456
1146,-47.04923077391921
1147,33.539728542000645
1148,326.0319931634914
1149,-4.248977699451406
1150,-41.92833138078313
1151,-126.95076131098028
1152,150.22255056655197
1153,86.89544693640946
1154,-84.44159957251776
1155,76.2879564625122
1156,-98.16316422982271
1157,-22.038074345144594
1158,79.5542353287154
1159,-156.6416773610505
1160,48.220739823745596
1161,-88.49706498948095
1162,-2.661209139641805
1163,25.728752102020604
1164,-176.8582598269326
1165,-37.8591903061644
1166,-82.40521747874801
1167,-13.381705769037952
1168,-83.53952405177996
1169,218.02052872591722
1170,-86.0088680258382
1171,-31.824091006802778
1172,220.55222811141843
1173,-61.23942538166111
1174,-90.11462589349354
1175,107.09712780091913
1176,185.1463101944418
1177,58.848533772832894
1178,94.14237158979851
1179,147.25888946152472
1180,176.85621862647744
1181,-9.15750834141603
1182,19.882512294744792
1183,-313.2206307452787
1184,35.871022422270464
1185,21.00124023264487
1186,43.487890166615394
1187,104.47508970020175
1188,-0.6428676047491679
1189,-149.38082668168906
1190,-16.57315277468037
1191,126.15055662182111
1192,-75.00976085905359
1193,-153.7575575161852
1194,10.101559489915367
1195,-15.747141340096688
1196,-81.81612987123434
1197,253.966106931209
1198,100.81849995233605
1199,-228.11721131841736
1200,-357.98205868911685
1201,-90.22123722637937
1202,-71.02238701766547
1203,50.141447374174184
1204,-44.09095698080808
1205,6.260104809505455
1206,22.318569669807186
1207,-179.41584941673094
1208,150.21075203116868
1209,40.999128665037524
1210,197.03472315241189
1211,3.2601274243181217
1212,99.24271247159822
1213,-74.876612280143
1214,40.92049598376929
1215,70.39120569904313
1216,1.7624994805332408
1217,-60.262772254189684
1218,161.11743355143886
1219,6.128434784930596
1220,-128.0690810450749
1221,-5.870228078607287
1222,-30.251256446814104
1223,-305.54872613403626
1224,-8.700470734713875
1225,-22.996421606033678
1226,169.1045307008452
1227,-43.05222077482429
1228,-6.920910949248068
1229,-24.569565097999046
1230,-20.391422531138428
1231,55.457245371759825
1232,36.79917807497872
1233,-40.77741742136133
1234,-121.45585181428606
1235,-192.71436506960006
1236,122.45294718486089
1237,-32.89885374715987
1238,72.3168195418858
1239,-170.56123520328504
1240,-142.06000734801583
1241,133.19591098634075
1242,10.94813689119841
1243,-69.84075351324277
1244,145.88933700871974
1245,-35.685588240951844
1246,-122.10212533609156
1247,-19.77951266997421
1248,247.95968745962614
1249,98.38090199859133
1250,-55.48624556345989
1251,68.93051487910353
1252,-43.36171399065785
1253,87.2921017333916
1254,-66.49608054730153
1255,130.03876076093556
1256,-45.03163528561582
1257,-70.03487221703199
1258,-210.7715905441806
1259,37.31752850190518
1260,-229.06877288241947
1261,-109.91612955773284
1262,68.52833409342426
1263,7.766120310275156
1264,-207.5019580807577
1265,124.61003159598005
1266,25.190224100870356
1267,-244.70102389806183
1268,-104.14177668560617
1269,-189.1107395848859
1270,-37.68753041630832
1271,103.93718436355032
1272,64.97901177509416
1273,-40.59232046927837
1274,-189.8279815475163
1275,-85.28364276393008
1276,39.385822818919436
1277,77.7574226093568
1278,-104.63479864175285
1279,205.24162037862456
1280,20.79824974820289
1281,-202.63077973188615
1282,119.90432708765681
1283,-22.116186471082422
1284,-105.3065857797946
1285,-69.92018881820002
1286,-205.96550790126665
1287,49.62229166337667
1288,284.22284862556995
1289,48.19119592296855
1290,-52.15629008402384
1291,-34.999697286866144
1292,-13.850076619838564
1293,82.52939729889673
1294,27.12693118716566
1295,52.031080821460996
1296,152.00155122501022
1297,-123.14454881651449
1298,-102.73736055278178
1299,-38.96616493789081
1300,-31.39396884454693
1301,-37.282080984105534
1302,-51.96107089022302
1303,13.367692893539129
1304,81.19133978460594
1305,37.32739824331094
1306,-30.06570179640164
1307,156.58527634524944
1308,-45.40162199425033
1309,75.72161455038533
1310,106.47417457212558
1311,-47.501861739210185
1312,-67.81533208844255
1313,80.67891753000913
1314,-88.50092599312151
1315,-215.492906685883
1316,98.54059337814395
1317,-14.497627755354916
1318,40.57375748175311
1319,-137.54461714253364
1320,-0.0839481154737355
1321,165.8408047371926
1322,72.5563267271188
1323,5.226531392364075
1324,-110.56761782226502
1325,-78.77596851297727
1326,36.50913999678838
1327,31.101729465378963
1328,10.9544097946343
1329,117.70619431153307
1330,41.85084001315506
1331,37.081061525543035
1332,6.725912494869223
1333,-143.12793410006353
1334,110.12088778097684
1335,9.208827687140062
1336,27.56131515777489
1337,-83.20504032253942
1338,93.81444019505908
1339,-94.343263310781
1340,-37.67437973589735
1341,-97.8728359869337
1342,-155.9179646742777
1343,79.47625320792501
1344,109.52094045683513
1345,-61.67901510914529
1346,38.481268754178835
1347,-70.08072679673847
1348,72.49694683022446
1349,-19.73676305912361
1350,-104.35482921547555
1351,12.96302180572004
1352,5.1292866967142015
1353,-180.98538077948183
1354,-39.51818305463568
1355,147.10548795035942
1356,-38.82006202145881
1357,66.19189548834841
1358,23.349463572866632
1359,-26.461540979438173
1360,6.5187425538905455
1361,58.21181687975024
1362,108.39746208032666
1363,-23.41110573689835
1364,-39.81654139354075
1365,155.70494674000432
1366,-50.6042431830691
1367,96.92445769314403
1368,107.93795310615283
1369,99.15975577336178
1370,95.72875361613036
1371,-129.11703968369866
1372,-14.620726951893161
1373,203.47878908150884
1374,-39.056808333608544
1375,178.8135796634128
1376,-24.07721847710121
1377,84.8609078505093
1378,-15.673113617038172
1379,201.3899704215466
1380,-108.49756162284424
1381,68.01173245787814
1382,130.09924801384474
1383,49.986776740214076
1384,212.67830826294667
1385,-140.74283801741657
1386,48.49583899839127
1387,53.186880573709054
1388,-23.376428932610168
1389,-42.1704197683813
1390,177.01628760349456
1391,104.8737641508384
1392,-16.79175064703664
1393,-186.00778188401026
1394,25.799612140767447
1395,-73.17895034099047
1396,-79.9640399981271
1397,-55.50454309458063
1398,-63.30361091982569
1399,-28.009267343982057
1400,-65.05695668243541
1401,-9.420550354262467
1402,-232.91236147096814
1403,53.42918129677945
1404,-103.30231953969299
1405,-42.88815315093057
1406,-120.34795481367325
1407,-157.54212456132163
1408,-165.60891624133086
1409,57.926354142575
1410,-174.46997349815993
1411,-21.828174308847245
1412,-231.84239766515444
1413,337.64301435601874
1414,-35.04941955012391
1415,-151.90003392836505
1416,-105.64774257286106
1417,123.08821638316833
1418,-127.23590558940425
1419,30.83173079672337
1420,-133.900251380479
1421,-108.30869848463222
1422,-103.50690688527536
1423,-10.994368945662854
1424,132.79870989446297
1425,226.85026540008943
1426,139.70265892621694
1427,45.072481725330114
1428,-40.98987774587571
1429,-171.50727852706356
1430,-66.87507734141614
1431,-20.345709184833034
1432,-26.132332929447802
1433,-0.47835879325016145
1434,-79.0309927936993
1435,17.619273262675534
1436,-204.79001070848997
1437,-15.735383560325955
1438,101.57733470019289
1439,-101.00598333415596
1440,53.31171590513466
1441,-46.78659805399472
1442,-0.5784616543015371
1443,29.42922371605234
1444,61.14659979391729
1445,-259.28031893471626
1446,53.484347731681275
1447,103.36948239130719
1448,-8.249959633466714
1449,45.833549549132734
1450,19.713506012036735
1451,-148.2548545889229
1452,105.3888535179577
1453,124.4418323148162
1454,76.49054074906797
1455,35.102400971470374
1456,232.09176074467993
1457,109.55624612951993
1458,27.634636036991147
1459,-24.595226935829533
1460,-16.321344120789085
1461,-7.773650686292657
1462,70.25963251743812
1463,182.8987628796213
1464,126.16923869737947
1465,-59.774319603896984
1466,-96.61240867856567
1467,-143.266269672451
1468,-129.08414659208037
1469,-7.604729230219502
1470,-186.15303965101697
1471,-110.94272859897083
1472,-71.90348033077414
1473,97.10471769179675
1474,43.621019849389334
1475,107.83993666047161
1476,-38.26331070145064
1477,31.451695952757436
1478,75.45681012509566
1479,88.7179962436417
1480,118.42732756845064
1481,-144.51734024977387
1482,92.21087174142784
1483,122.35360041986095
1484,126.4090458952287
1485,167.7647358795127
1486,-116.11982515140191
1487,13.997115302975988
1488,-115.0713806167298
1489,-15.970692859331736
1490,-140.05842653946505
1491,-79.44197035534843
1492,-110.75472631709879
1493,-26.595209555822724
1494,28.277935523921936
1495,-227.83737688838573
1496,59.478481696201825
1497,35.99063710692136
1498,95.13796255873578
1499,180.6726294275388
1500,-55.59894562512458
1501,-41.88933449854514
1502,-88.62927575827506
1503,74.07995418434626
1504,-91.8196626942779
1505,50.16294674831418
1506,-23.3739906924514
1507,-22.273841936309775
1508,-40.708271325167736
1509,56.57897664872833
1510,-3.6624110691904916
1511,-22.534990032000614
1512,70.02199814332101
1513,89.20547788606068
1514,-264.43761591367866
1515,11.668480877866827
1516,-160.60847093175187
1517,-110.2036001808626
1518,94.09328859797589
1519,-287.50461205280646
1520,-10.687638315935295
1521,-189.87686678726584
1522,205.13090472716587
1523,-11.94917213948507
1524,56.10219433715352
1525,-168.13665938083113
1526,166.59443953997678
1527,-65.75027868444299
1528,-122.7135159267467
1529,4.680376832062976
1530,-42.52631893077536
1531,-201.48329965776077
1532,129.61941273089766
1533,-12.366656617683615
1534,171.0847034295154
1535,-38.437086738190054
1536,-151.13662782920602
1537,101.72654054363969
1538,-16.27493404409442
1539,-104.4479017040753
1540,57.47832085753906
1541,8.5104593190344
1542,-11.182884307693929
1543,-111.80857761962793
1544,-50.718019534294235
1545,140.4866752941827
1546,-91.5064725514146
1547,-15.055637960622455
1548,102.9178567396741
1549,-24.11034440227756
1550,129.87738031149127
1551,62.09768170777604
1552,-107.7380337301992
1553,191.67026471051773
1554,-154.42048975366134
1555,35.02066257201919
1556,94.09049412040565
1557,7.229379465764392
1558,54.22422221335297
1559,-110.44460146848284
1560,92.25857938350708
1561,130.74918961753318
1562,6.412483719405939
1563,57.997938636374634
1564,-35.234053000624584
1565,-110.43937368853283
1566,108.62435238236307
1567,-147.01205523918225
1568,59.0190105432652
1569,-38.34996312718081
1570,103.74087217557148
1571,81.57117287734906
1572,13.779526885620946
1573,-103.95224836208305
1574,-109.19946080801233
1575,60.07169531028646
1576,-58.291630048797686
1577,-102.86795359931183
1578,-90.56715927324369
1579,3.423466741974947
1580,38.63004450717389
1581,104.00524974525628
1582,-132.75420625626714
1583,-23.575638602207505
1584,166.42389585085346
1585,122.49403219537747
1586,48.73660877483244
1587,137.05596498195507
1588,28.71584176184358
1589,-19.248456656182043
1590,166.2387285253075
1591,40.636215440307375
1592,151.8608931517597
1593,153.06095108740453
1594,-23.24269643747508
1595,-80.1100120688721
1596,118.31560052250073
1597,-107.51050797415509
1598,-47.3415578059568
1599,-115.93900295732305
